{"cameraMode":{"drawMode":0,"name":"Shaded","section":"Shading Mode"},"sceneLighting":true,"audioPlay":false,"sceneViewState":{"m_AlwaysRefresh":false,"showFog":true,"showSkybox":true,"showFlares":true,"showImageEffects":true,"showParticleSystems":true,"showVisualEffectGraphs":true,"m_FxEnabled":true},"in2DMode":false,"pivot":{"x":18.615516662597658,"y":-1.5255470275878907,"z":33.869964599609378},"rotation":{"x":0.05325544998049736,"y":-0.09845539182424545,"z":0.005475377663969994,"w":0.9937384128570557},"size":13.371854782104493,"orthographic":false}